{
  "result": "TIMEOUT",
  "duration_s": 5.034002065658569,
  "min_inter_drone_distance_m": 67.5235425353573,
  "hpl_overrides": 0,
  "collisions": 0,
  "drone_finals": {
    "alpha_0": {
      "position": [
        409.9183666415086,
        430.8330303262683,
        -65.0
      ],
      "battery": 99.99639999999988
    },
    "alpha_1": {
      "position": [
        342.13003833709166,
        395.01604720385063,
        -65.0
      ],
      "battery": 99.99639999999988
    },
    "alpha_2": {
      "position": [
        338.9419439730318,
        320.6855856700791,
        -65.0
      ],
      "battery": 99.99639999999988
    },
    "alpha_3": {
      "position": [
        404.71453404527927,
        283.0592435022093,
        -65.0
      ],
      "battery": 99.99639999999988
    },
    "alpha_4": {
      "position": [
        470.56935596631325,
        323.41712669850835,
        -65.0
      ],
      "battery": 99.99639999999988
    },
    "alpha_5": {
      "position": [
        470.67922705720457,
        401.37888565920116,
        -65.0
      ],
      "battery": 99.99639999999988
    },
    "beta_0": {
      "position": [
        400.0,
        350.0,
        -25.0
      ],
      "battery": 99.99639999999988
    }
  },
  "events": [
    {
      "timestamp": 1772725730.8931687,
      "elapsed": 2.6226043701171875e-06,
      "source": "SYSTEM",
      "level": "INFO",
      "message": "Mission started"
    },
    {
      "timestamp": 1772725735.9269307,
      "elapsed": 5.033764362335205,
      "source": "SYSTEM",
      "level": "CRITICAL",
      "message": "Mission TIMEOUT"
    }
  ]
}