{
  "result": "SUCCESS",
  "duration_s": 135.20020484924316,
  "min_inter_drone_distance_m": 79.48864369442924,
  "hpl_overrides": 0,
  "collisions": 0,
  "drone_finals": {
    "alpha_0": {
      "position": [
        400.67143517885717,
        350.75118782942724,
        -65.0
      ],
      "battery": 99.99963333333332
    },
    "alpha_1": {
      "position": [
        480.30407794138597,
        350.93956801278136,
        -65.0
      ],
      "battery": 99.99963333333332
    },
    "alpha_2": {
      "position": [
        440.6666809754599,
        419.8403752514888,
        -65.0
      ],
      "battery": 99.99963333333332
    },
    "alpha_3": {
      "position": [
        360.8160741160681,
        419.8510710395841,
        -65.0
      ],
      "battery": 99.99963333333332
    },
    "alpha_4": {
      "position": [
        320.7677157909992,
        350.8145345637905,
        -65.0
      ],
      "battery": 99.99963333333332
    },
    "alpha_5": {
      "position": [
        360.4926675537813,
        281.7414659992889,
        -65.0
      ],
      "battery": 99.99963333333332
    }
  },
  "events": [
    {
      "timestamp": 1772643643.4578943,
      "elapsed": 0.0,
      "source": "SYSTEM",
      "level": "INFO",
      "message": "Mission started"
    }
  ]
}