{
  "result": "SUCCESS",
  "duration_s": 120.0043294429779,
  "min_inter_drone_distance_m": 35.48198312612166,
  "hpl_overrides": 0,
  "collisions": 0,
  "drone_finals": {
    "alpha_0": {
      "position": [
        525.3178966665763,
        442.6167069812516,
        -65.0
      ],
      "battery": 99.89006666666302
    },
    "alpha_1": {
      "position": [
        552.1676551786983,
        485.04927992772264,
        -65.0
      ],
      "battery": 99.89006666666302
    },
    "alpha_2": {
      "position": [
        502.2910591844811,
        487.03181408759707,
        -65.0
      ],
      "battery": 99.89006666666302
    },
    "alpha_3": {
      "position": [
        467.27239010856186,
        492.7470518528732,
        -65.0
      ],
      "battery": 99.89006666666302
    },
    "alpha_4": {
      "position": [
        431.7293882000609,
        527.9038419510135,
        -65.0
      ],
      "battery": 99.89006666666302
    },
    "alpha_5": {
      "position": [
        438.2282647792549,
        464.06089822040474,
        -65.0
      ],
      "battery": 99.89006666666302
    }
  },
  "events": [
    {
      "timestamp": 1772718532.105705,
      "elapsed": 0.0,
      "source": "SYSTEM",
      "level": "INFO",
      "message": "Mission started"
    }
  ]
}