{
  "result": "SUCCESS",
  "duration_s": 120.04013895988464,
  "min_inter_drone_distance_m": 38.757879073996136,
  "hpl_overrides": 0,
  "collisions": 0,
  "drone_finals": {
    "alpha_0": {
      "position": [
        511.9753660477677,
        431.19386243226637,
        -65.0
      ],
      "battery": 99.91429999999716
    },
    "alpha_1": {
      "position": [
        549.895200244957,
        464.04297185713096,
        -65.0
      ],
      "battery": 99.91429999999716
    },
    "alpha_2": {
      "position": [
        502.57840442716457,
        480.1338268260728,
        -65.0
      ],
      "battery": 99.91429999999716
    },
    "alpha_3": {
      "position": [
        464.0053068017425,
        475.91492963064684,
        -65.0
      ],
      "battery": 99.91429999999716
    },
    "alpha_4": {
      "position": [
        415.0543769899392,
        485.1775610303226,
        -65.0
      ],
      "battery": 99.91429999999716
    },
    "alpha_5": {
      "position": [
        461.0508614365652,
        429.9928812577787,
        -65.0
      ],
      "battery": 99.91429999999716
    }
  },
  "events": [
    {
      "timestamp": 1772790132.2767181,
      "elapsed": 0.0,
      "source": "SYSTEM",
      "level": "INFO",
      "message": "Mission started"
    }
  ]
}