{
  "result": "SUCCESS",
  "duration_s": 120.01603150367737,
  "min_inter_drone_distance_m": 37.629149670369976,
  "hpl_overrides": 0,
  "collisions": 0,
  "drone_finals": {
    "alpha_0": {
      "position": [
        503.08384754433195,
        429.1591184413008,
        -65.0
      ],
      "battery": 99.91446666666383
    },
    "alpha_1": {
      "position": [
        544.3588054679517,
        457.3709171863275,
        -65.0
      ],
      "battery": 99.91446666666383
    },
    "alpha_2": {
      "position": [
        499.36720375547947,
        479.02704216600614,
        -65.0
      ],
      "battery": 99.91446666666383
    },
    "alpha_3": {
      "position": [
        461.81829858797,
        476.4367777223048,
        -65.0
      ],
      "battery": 99.91446666666383
    },
    "alpha_4": {
      "position": [
        414.1216978261104,
        491.4404090810573,
        -65.0
      ],
      "battery": 99.91446666666383
    },
    "alpha_5": {
      "position": [
        440.3821911776146,
        440.8795604977124,
        -65.0
      ],
      "battery": 99.91446666666383
    }
  },
  "events": [
    {
      "timestamp": 1772715158.5370545,
      "elapsed": 0.0,
      "source": "SYSTEM",
      "level": "INFO",
      "message": "Mission started"
    }
  ]
}