{
  "result": "SUCCESS",
  "duration_s": 120.02820944786072,
  "min_inter_drone_distance_m": 36.48399030044043,
  "hpl_overrides": 0,
  "collisions": 0,
  "drone_finals": {
    "alpha_0": {
      "position": [
        513.2491595222382,
        435.9838834793725,
        -65.0
      ],
      "battery": 99.90233333333009
    },
    "alpha_1": {
      "position": [
        549.3148137700657,
        470.6149189662051,
        -65.0
      ],
      "battery": 99.90233333333009
    },
    "alpha_2": {
      "position": [
        501.4140109071852,
        484.57326778010963,
        -65.0
      ],
      "battery": 99.90233333333009
    },
    "alpha_3": {
      "position": [
        464.9220240938458,
        484.5377080995468,
        -65.0
      ],
      "battery": 99.90233333333009
    },
    "alpha_4": {
      "position": [
        422.4113853412503,
        510.90738479719846,
        -65.0
      ],
      "battery": 99.90233333333009
    },
    "alpha_5": {
      "position": [
        440.25021876277003,
        451.94332560123667,
        -65.0
      ],
      "battery": 99.90233333333009
    }
  },
  "events": [
    {
      "timestamp": 1772716915.023844,
      "elapsed": 0.0,
      "source": "SYSTEM",
      "level": "INFO",
      "message": "Mission started"
    }
  ]
}