{
  "result": "SUCCESS",
  "duration_s": 120.0282130241394,
  "min_inter_drone_distance_m": 37.90248554147657,
  "hpl_overrides": 0,
  "collisions": 0,
  "drone_finals": {
    "alpha_0": {
      "position": [
        533.6332318692693,
        446.1422453543684,
        -65.0
      ],
      "battery": 99.88899999999632
    },
    "alpha_1": {
      "position": [
        553.0386067272386,
        492.28024605506477,
        -65.0
      ],
      "battery": 99.88899999999632
    },
    "alpha_2": {
      "position": [
        503.4417039628423,
        486.0398358277648,
        -65.0
      ],
      "battery": 99.88899999999632
    },
    "alpha_3": {
      "position": [
        464.5915160722285,
        485.3552325575059,
        -65.0
      ],
      "battery": 99.88899999999632
    },
    "alpha_4": {
      "position": [
        428.9444496092074,
        520.4894336988967,
        -65.0
      ],
      "battery": 99.88899999999632
    },
    "alpha_5": {
      "position": [
        464.93798816518154,
        435.3582761826705,
        -65.0
      ],
      "battery": 99.88899999999632
    }
  },
  "events": [
    {
      "timestamp": 1772717476.6158032,
      "elapsed": 0.0,
      "source": "SYSTEM",
      "level": "INFO",
      "message": "Mission started"
    }
  ]
}