{
  "result": "SUCCESS",
  "duration_s": 120.00730466842651,
  "min_inter_drone_distance_m": 46.621302234256746,
  "hpl_overrides": 0,
  "collisions": 0,
  "drone_finals": {
    "alpha_0": {
      "position": [
        525.1604566078264,
        444.58844754231075,
        -65.0
      ],
      "battery": 99.91319999999712
    },
    "alpha_1": {
      "position": [
        536.1942520948226,
        495.4503560211093,
        -65.0
      ],
      "battery": 99.91319999999712
    },
    "alpha_2": {
      "position": [
        488.9362571469256,
        479.0606957776894,
        -65.0
      ],
      "battery": 99.91319999999712
    },
    "alpha_3": {
      "position": [
        500.5985956354472,
        540.6587724699879,
        -65.0
      ],
      "battery": 99.91319999999712
    },
    "alpha_4": {
      "position": [
        453.6959359522326,
        523.4296244071057,
        -65.0
      ],
      "battery": 99.91319999999712
    },
    "alpha_5": {
      "position": [
        439.54819422925686,
        475.4778320469239,
        -65.0
      ],
      "battery": 99.91319999999712
    }
  },
  "events": [
    {
      "timestamp": 1772714689.8708055,
      "elapsed": 0.0,
      "source": "SYSTEM",
      "level": "INFO",
      "message": "Mission started"
    }
  ]
}