{
  "result": "SUCCESS",
  "duration_s": 158.02666020393372,
  "min_inter_drone_distance_m": 79.65491563514964,
  "hpl_overrides": 0,
  "collisions": 0,
  "drone_finals": {
    "alpha_0": {
      "position": [
        400.4932302204262,
        350.5241125750223,
        -65.0
      ],
      "battery": 99.99973333333332
    },
    "alpha_1": {
      "position": [
        480.23843116609925,
        350.67553496287144,
        -65.0
      ],
      "battery": 99.99973333333332
    },
    "alpha_2": {
      "position": [
        440.4605850070185,
        419.7009242473314,
        -65.0
      ],
      "battery": 99.99973333333332
    },
    "alpha_3": {
      "position": [
        360.6800154094436,
        419.57930063728946,
        -65.0
      ],
      "battery": 99.99973333333332
    },
    "alpha_4": {
      "position": [
        320.565507834309,
        350.564306833463,
        -65.0
      ],
      "battery": 99.99973333333332
    },
    "alpha_5": {
      "position": [
        360.3726712698057,
        281.4745719842745,
        -65.0
      ],
      "battery": 99.99973333333332
    }
  },
  "events": [
    {
      "timestamp": 1772712581.478602,
      "elapsed": 0.0,
      "source": "SYSTEM",
      "level": "INFO",
      "message": "Mission started"
    }
  ]
}