{
  "result": "TIMEOUT",
  "duration_s": 120.02983498573303,
  "min_inter_drone_distance_m": 46.621302234256746,
  "hpl_overrides": 0,
  "collisions": 0,
  "drone_finals": {
    "alpha_0": {
      "position": [
        523.3915807119155,
        443.128601875992,
        -65.0
      ],
      "battery": 99.91456666666383
    },
    "alpha_1": {
      "position": [
        536.1510751567403,
        493.1761814710562,
        -65.0
      ],
      "battery": 99.91456666666383
    },
    "alpha_2": {
      "position": [
        488.1643042513638,
        478.4393992601704,
        -65.0
      ],
      "battery": 99.91456666666383
    },
    "alpha_3": {
      "position": [
        499.40095535016013,
        539.9189904278592,
        -65.0
      ],
      "battery": 99.91456666666383
    },
    "alpha_4": {
      "position": [
        453.15019621495924,
        521.29652625761,
        -65.0
      ],
      "battery": 99.91456666666383
    },
    "alpha_5": {
      "position": [
        439.82211093654814,
        472.92048505187745,
        -65.0
      ],
      "battery": 99.91456666666383
    }
  },
  "events": [
    {
      "timestamp": 1772787461.9058962,
      "elapsed": 0.0,
      "source": "SYSTEM",
      "level": "INFO",
      "message": "Mission started"
    },
    {
      "timestamp": 1772787581.934333,
      "elapsed": 120.02843689918518,
      "source": "SYSTEM",
      "level": "CRITICAL",
      "message": "Mission TIMEOUT"
    }
  ]
}