{
  "result": "SUCCESS",
  "duration_s": 120.05286145210266,
  "min_inter_drone_distance_m": 38.76039256003594,
  "hpl_overrides": 0,
  "collisions": 0,
  "drone_finals": {
    "alpha_0": {
      "position": [
        511.84926959935126,
        431.12575977687857,
        -65.0
      ],
      "battery": 99.91456666666383
    },
    "alpha_1": {
      "position": [
        549.8640622520851,
        463.74541082434985,
        -65.0
      ],
      "battery": 99.91456666666383
    },
    "alpha_2": {
      "position": [
        502.55788210191184,
        479.98462223473666,
        -65.0
      ],
      "battery": 99.91456666666383
    },
    "alpha_3": {
      "position": [
        463.97358586640576,
        475.7350089717388,
        -65.0
      ],
      "battery": 99.91456666666383
    },
    "alpha_4": {
      "position": [
        414.94859344229445,
        484.7612184574257,
        -65.0
      ],
      "battery": 99.91456666666383
    },
    "alpha_5": {
      "position": [
        460.96408514423956,
        429.88828410800267,
        -65.0
      ],
      "battery": 99.91456666666383
    }
  },
  "events": [
    {
      "timestamp": 1772791776.505866,
      "elapsed": 0.0,
      "source": "SYSTEM",
      "level": "INFO",
      "message": "Mission started"
    }
  ]
}