{
  "result": "TIMEOUT",
  "duration_s": 1.0141804218292236,
  "min_inter_drone_distance_m": 77.27724616449393,
  "hpl_overrides": 0,
  "collisions": 0,
  "drone_finals": {
    "alpha_0": {
      "position": [
        402.15531839101857,
        430.2034266444936,
        -65.0
      ],
      "battery": 99.99923333333331
    },
    "alpha_1": {
      "position": [
        333.16404900564856,
        391.0892228521666,
        -65.0
      ],
      "battery": 99.99923333333331
    },
    "alpha_2": {
      "position": [
        332.4852585092804,
        312.2838451488073,
        -65.0
      ],
      "battery": 99.99923333333331
    },
    "alpha_3": {
      "position": [
        401.01302314477476,
        272.7877481811591,
        -65.0
      ],
      "battery": 99.99923333333331
    },
    "alpha_4": {
      "position": [
        469.5658832862819,
        312.8662800466181,
        -65.0
      ],
      "battery": 99.99923333333331
    },
    "alpha_5": {
      "position": [
        469.58425115135714,
        392.4527736492204,
        -65.0
      ],
      "battery": 99.99923333333331
    },
    "beta_0": {
      "position": [
        400.0,
        350.0,
        -25.0
      ],
      "battery": 99.99923333333331
    }
  },
  "events": [
    {
      "timestamp": 1772723362.6798775,
      "elapsed": 1.430511474609375e-06,
      "source": "SYSTEM",
      "level": "INFO",
      "message": "Mission started"
    },
    {
      "timestamp": 1772723363.6938674,
      "elapsed": 1.013991117477417,
      "source": "SYSTEM",
      "level": "CRITICAL",
      "message": "Mission TIMEOUT"
    }
  ]
}