{
  "result": "TIMEOUT",
  "duration_s": 60.01577877998352,
  "min_inter_drone_distance_m": 31.039451237179716,
  "hpl_overrides": 0,
  "collisions": 0,
  "drone_finals": {
    "alpha_0": {
      "position": [
        500.1018566558335,
        302.74810471989224,
        -65.0
      ],
      "battery": 99.94553333333153
    },
    "alpha_1": {
      "position": [
        503.04197786133295,
        381.90210541855527,
        -65.0
      ],
      "battery": 99.94553333333153
    },
    "alpha_2": {
      "position": [
        485.41357387922216,
        459.6035593082956,
        -65.0
      ],
      "battery": 99.94553333333153
    },
    "alpha_3": {
      "position": [
        464.53113277560294,
        414.28101172604954,
        -65.0
      ],
      "battery": 99.94553333333153
    },
    "alpha_4": {
      "position": [
        507.86376466520215,
        543.2935381909915,
        -65.0
      ],
      "battery": 99.94553333333153
    },
    "alpha_5": {
      "position": [
        499.1355526648068,
        622.3542970528473,
        -65.0
      ],
      "battery": 99.94553333333153
    },
    "beta_0": {
      "position": [
        400.0,
        350.0,
        -25.0
      ],
      "battery": 99.94553333333153
    }
  },
  "events": [
    {
      "timestamp": 1772731197.8289762,
      "elapsed": 9.5367431640625e-07,
      "source": "SYSTEM",
      "level": "INFO",
      "message": "Mission started"
    },
    {
      "timestamp": 1772731257.84423,
      "elapsed": 60.01525092124939,
      "source": "SYSTEM",
      "level": "CRITICAL",
      "message": "Mission TIMEOUT"
    }
  ]
}