{
  "result": "TIMEOUT",
  "duration_s": 90.03528141975403,
  "min_inter_drone_distance_m": 48.989105036524556,
  "hpl_overrides": 0,
  "collisions": 0,
  "drone_finals": {
    "alpha_0": {
      "position": [
        492.9789111151036,
        417.4989281487747,
        -65.0
      ],
      "battery": 99.9368999999979
    },
    "alpha_1": {
      "position": [
        527.7527399547532,
        453.4381054922304,
        -65.0
      ],
      "battery": 99.9368999999979
    },
    "alpha_2": {
      "position": [
        479.1320891806355,
        465.28223569083883,
        -65.0
      ],
      "battery": 99.9368999999979
    },
    "alpha_3": {
      "position": [
        465.64784891230374,
        514.1353669425397,
        -65.0
      ],
      "battery": 99.9368999999979
    },
    "alpha_4": {
      "position": [
        426.81080512248747,
        479.26693827880496,
        -65.0
      ],
      "battery": 99.9368999999979
    },
    "alpha_5": {
      "position": [
        436.33966803317867,
        430.09257860022774,
        -65.0
      ],
      "battery": 99.9368999999979
    }
  },
  "events": [
    {
      "timestamp": 1772787658.188105,
      "elapsed": 0.0,
      "source": "SYSTEM",
      "level": "INFO",
      "message": "Mission started"
    },
    {
      "timestamp": 1772787748.2233865,
      "elapsed": 90.03528141975403,
      "source": "SYSTEM",
      "level": "CRITICAL",
      "message": "Mission TIMEOUT"
    }
  ]
}