{
  "result": "TIMEOUT",
  "duration_s": 66.74731993675232,
  "min_inter_drone_distance_m": 79.65308600118537,
  "hpl_overrides": 0,
  "collisions": 0,
  "drone_finals": {
    "alpha_0": {
      "position": [
        400.4263222629311,
        350.4881540536476,
        -65.0
      ],
      "battery": 99.99976666666666
    },
    "alpha_1": {
      "position": [
        480.1768678974336,
        350.603920242409,
        -65.0
      ],
      "battery": 99.99976666666666
    },
    "alpha_2": {
      "position": [
        440.4341098460912,
        419.6338216763868,
        -65.0
      ],
      "battery": 99.99976666666666
    },
    "alpha_3": {
      "position": [
        360.527299306124,
        419.63282777987234,
        -65.0
      ],
      "battery": 99.99976666666666
    },
    "alpha_4": {
      "position": [
        320.49837468913455,
        350.51425473701676,
        -65.0
      ],
      "battery": 99.99976666666666
    },
    "alpha_5": {
      "position": [
        360.3191988123475,
        281.37005084022826,
        -65.0
      ],
      "battery": 99.99976666666666
    }
  },
  "events": [
    {
      "timestamp": 1772647175.7924762,
      "elapsed": 0.0,
      "source": "SYSTEM",
      "level": "INFO",
      "message": "Mission started"
    },
    {
      "timestamp": 1772647242.539796,
      "elapsed": 66.74731993675232,
      "source": "SYSTEM",
      "level": "CRITICAL",
      "message": "Mission TIMEOUT"
    }
  ]
}