{
  "result": "FAILED_SEPARATION",
  "duration_s": 72.36459565162659,
  "min_inter_drone_distance_m": 19.936610069044704,
  "hpl_overrides": 0,
  "collisions": 0,
  "drone_finals": {
    "alpha_0": {
      "position": [
        248.4945165361903,
        225.2813789315134,
        -65.00016363052578
      ],
      "battery": 99.95023333333168
    },
    "alpha_1": {
      "position": [
        302.7517030219393,
        246.8245079763444,
        -64.99989638956842
      ],
      "battery": 99.95023333333168
    },
    "alpha_2": {
      "position": [
        285.9559644306508,
        290.0771157407387,
        -64.99989558009443
      ],
      "battery": 99.95023333333168
    },
    "alpha_3": {
      "position": [
        241.0231436287631,
        268.12753609986527,
        -64.99973387050014
      ],
      "battery": 99.95023333333168
    },
    "alpha_4": {
      "position": [
        205.73221096625272,
        217.523503108624,
        -64.99797493603178
      ],
      "battery": 99.95023333333168
    },
    "alpha_5": {
      "position": [
        199.48817390605578,
        198.58992396871412,
        -64.99976065470356
      ],
      "battery": 99.95023333333168
    }
  },
  "events": [
    {
      "timestamp": 1772796828.6937518,
      "elapsed": 1.430511474609375e-06,
      "source": "SYSTEM",
      "level": "INFO",
      "message": "Mission started"
    },
    {
      "timestamp": 1772796901.058229,
      "elapsed": 72.36447858810425,
      "source": "SWARM",
      "level": "CRITICAL",
      "message": "Unsafe inter-drone spacing detected (19.9m)"
    }
  ]
}