{
  "result": "SUCCESS",
  "duration_s": 135.9203634262085,
  "min_inter_drone_distance_m": 79.65476155560877,
  "hpl_overrides": 0,
  "collisions": 0,
  "drone_finals": {
    "alpha_0": {
      "position": [
        400.4380877141445,
        350.4769810599165,
        -65.0
      ],
      "battery": 99.99976666666666
    },
    "alpha_1": {
      "position": [
        480.1814334969088,
        350.59396192994507,
        -65.0
      ],
      "battery": 99.99976666666666
    },
    "alpha_2": {
      "position": [
        440.44167672922725,
        419.62752456817486,
        -65.0
      ],
      "battery": 99.99976666666666
    },
    "alpha_3": {
      "position": [
        360.5875081412579,
        419.50323856551006,
        -65.0
      ],
      "battery": 99.99976666666666
    },
    "alpha_4": {
      "position": [
        320.51512302379115,
        350.50223718002474,
        -65.0
      ],
      "battery": 99.99976666666666
    },
    "alpha_5": {
      "position": [
        360.3930967992178,
        281.3257919767232,
        -65.0
      ],
      "battery": 99.99976666666666
    }
  },
  "events": [
    {
      "timestamp": 1772711709.7324727,
      "elapsed": 0.0,
      "source": "SYSTEM",
      "level": "INFO",
      "message": "Mission started"
    }
  ]
}