{
  "result": "SUCCESS",
  "duration_s": 120.04633498191833,
  "min_inter_drone_distance_m": 37.59420088497772,
  "hpl_overrides": 0,
  "collisions": 0,
  "drone_finals": {
    "alpha_0": {
      "position": [
        503.2231815267344,
        429.3409331012154,
        -65.0
      ],
      "battery": 99.91423333333049
    },
    "alpha_1": {
      "position": [
        544.5988881630792,
        457.70511146898866,
        -65.0
      ],
      "battery": 99.91423333333049
    },
    "alpha_2": {
      "position": [
        499.34317489484823,
        478.9774710720456,
        -65.0
      ],
      "battery": 99.91423333333049
    },
    "alpha_3": {
      "position": [
        461.78264382938704,
        476.45270790221406,
        -65.0
      ],
      "battery": 99.91423333333049
    },
    "alpha_4": {
      "position": [
        414.37221454058584,
        491.89490127759444,
        -65.0
      ],
      "battery": 99.91423333333049
    },
    "alpha_5": {
      "position": [
        440.4070130714011,
        441.12410975331227,
        -65.0
      ],
      "battery": 99.91423333333049
    }
  },
  "events": [
    {
      "timestamp": 1772788296.1279492,
      "elapsed": 0.0,
      "source": "SYSTEM",
      "level": "INFO",
      "message": "Mission started"
    }
  ]
}